"","��Ī","�ּ�"
"1","�ڼ���౹","��ȭ���21�� 76 (���׵�)"
"2","�����౹","������17�� 141 (ȭ�)"
"3","�����౹","��õ�� 601 (��â��)"
"4","�̵��౹","������30�� 52 (ȭ�)"
"5","�Ͻɴ�౹","������7�� 90 (ȭ�)"
"6","�����౹","��õ��57�� 16 (���絿)"
"7","�����౹","��ġ��� 43 (ȭ�)"
"8","����´����౹","��õ�� 606 (���̵�)"
"9","���Ͼ౹","��õ��658 (��â��)"
"10","�����౹","��ȭ���� 45(��ȭ��)"
"11","�����౹","������5���� 109 (ȭ�)"
"12","�־౹","���״�� 23 (���׵�)"
"13","���δ�౹","������ 301 (���߻굿)"
"14","�ž౹","������45��� 35 (���߻굿)"
"15","�¾�౹","���̷�13�� 31 (ȭ�)"
"16","���������౹","ȭ��� 346 (ȭ�)"
"17","�����౹","������ 26 (ȭ�, �����SKVIEW)"
"18","���ξ౹","���޷��� 225"
"19","�������౹","��õ�� 45-1 (��ȭ��)"
"20","���׸޵�Į�౹","���״�� 38,1�� (���׵�)"
"21","����ھ౹","ȭ���64�� 78 (���̵�)"
"22","���ʾ౹","������ 38 (ȭ�)"

"23","�����������౹","�ϴñ� 112, 3��(���׵�, �������� ������û��)"
"24","�׸��౹","����� 78, 104ȣ(���߻굿)"
"25","�´��������౹","��ȭ����16�� 32"
"26","���Ѿ౹","���̷� 173 (���̵�)"
"27","����౹","������ 171 (ȭ�)"
"28","�츲�౹","���̷� 183 "
"29","ȭ��౹","���޷��� 252 (ȭ�)"
"30","�´������־౹","���޷��� 178 (ȭ�)"
"31","��ȭ�౹","���̷�5�� 5 (ȭ�)"
"32","�츮�౹","������18�ٱ� 34"
"33","�����౹","���޷���53���� 3 (ȭ�)"
"34","�����౹","���̷� 79 (���̵�)"
"35","���Ͼ౹","���ط� 121, 109ȣ (���絿, �븲�浿����Ʈ)"
"36","���౹","���ط� 175 (���絿, ����6��������Ʈ)"
"37","�����౹","�ݳ�ȭ��23�� 8 (��ȭ��, ��ȭ7������������Ʈ)"
"38","���޷��౹","���޷��� 226 (ȭ�)"
"39","�޵���Ǫ���౹","������ 293-1 (���߻굿)"
"40","�����౹","�ݳ�ȭ��23�� 25 (��ȭ��, ��ȭ6��������Ʈ)"
"41","���̿��౹","ȭ��� 110"
"42","�۾౹","��õ�� 244-2"
"43","���־౹","��õ��6�� 28 (��ȭ��, ��ȭ12��������Ʈ)"
"44","�ο��౹","������56���� 110 (���̵�, �ο�����Ʈ)"
"45","�Ѽ־౹","��õ��57�� 37 (���絿, ����4��������Ʈ)"
"46","�޵��ʴ�߾౹","������ 56 (ȭ�)"
"47","�������ξ౹","������ 257 (���߻굿)"
"48","���δ�౹","��õ��57�� 36 (���絿, ����5��������Ʈ)"
"49","���Ѿ౹","���ط� 47 (���絿, ����2��������Ʈ)"
"50","�������ξ౹","��õ�� 460 (���̵�)"
"51","���Ͼ౹","���ΰ�����76�� 94 (ȭ�)"
"52","�ٸ�Ʈ�౹","�ݳ�ȭ�� 135 (��ȭ��)"
"53","�޵��������౹","��õ�� 72 (��ȭ��)"
"54","�����޵�Į�౹","��ġ���4�� 3 (ȭ�)"
"55","����޵�Į�౹","��õ��57�� 13 (���絿)"
"56","ũ���о౹","������ 261 (���߻굿)"
"57","�޵�Į�౹","���״��41�� 75 (���̵�)"
"58","����౹","ȭ��� 313 (ȭ�)"
"59","�ǰ��´����౹","���޷��� 271 (ȭ�)"
"60","�´���ū����౹","������ 64 (ȭ�)"
"61","õ���౹","���ΰ�����76�� 63 (ȭ�)"
"62","�Ҹ��౹","���״��41�� 76 (���̵�)"
"63","��ȭ�����ھ౹","��õ��16�� 16 (��ȭ��)"
"64","ȭ��޵�Į�౹","���ΰ�����76�� 56 (ȭ�)"
"65","���౹","���״��41�� 75 (���̵�)"
"66","�ݰ��౹","�ݳ�ȭ�� 135 (��ȭ��)"
"67","���ξ౹","��ȭ����16�� 62 (��ȭ��)"
"68","���ʴ�౹","������45�� 49-5 (ȭ�)"
"69","�Ƹ��౹","��õ�� 366 (���絿)"
"70","������౹","������18�� 26 (ȭ�)"
"71","���Ǽ۵��౹","������54�� 79 (���̵�)"
"72","��â�޵�Į�౹","��õ�� 731 (��â��)"
"73","��ȭ�౹","������ 191 (ȭ�)"
"74","����౹","ȭ��� 206 (ȭ�)"
"75","�ٳ����౹","ȭ��� 194-15 (ȭ�)"
"76","�߻�׷���౹","������ 380 (���̵�)"
"77","�츮�´����౹","���ΰ�����76�� 100 (ȭ�)"
"78","�ٳ��ƾ౹","��ȭ���7���� 29 (���׵�)"
"79","�⸰�౹","�ϴñ� 74 (���ص�)"
"80","�����´����౹","��õ�� 713 (��â��)"
"81","���౹","���ΰ�����76�� 91 (ȭ�)"
"82","���׾౹","��ȭ���� 10-2 (���׵�)"
"83","�ϴ��ʾ౹","��õ�� 461 (���絿)"
"84","�ϳ��޵�Į�౹","�ݳ�ȭ�� 91-2 (��ȭ��)"
"85","��ġ�����ھ౹","������ 52, 104-105ȣ (ȭ�)"
"86","����౹","���״�� 525 (���̵�)"
"87","���౹","�ʿ���13�� 56 (��ȭ��)"
"88","21C ����ξ౹","ȭ��� 173 (ȭ�)"
"89","���ϸ޵�Į�౹","���ΰ����� 187 (ȭ�)"
"90","�ظ����౹","��ȭ���� 66 (��ȭ��)"
"91","Ű��౹","������47���� 6 (���߻굿)"
"92","�����౹","��ġ��� 36 (ȭ�)"
"93","�������׾౹","�ϴñ� 112, 3��(���׵�, �������� ������û��)"
"94","������౹","��õ��57�� 9-7 (���絿)"
"95","�����౹","���״�� 627 (��â��)"
"96","������౹","�ʷϸ����� 37 (ȭ�)"
"97","Ǫ���౹","���״��41�� 65 (���̵�)"
"98","���ٿ�౹","��ġ��� 120 (ȭ�)"
"99","�����౹","���״�� 426 (ȭ�)"
"100","�´����ٳ��౹","��ȭ���� 56 (��ȭ��)"
"101","���Ͼ౹","������ 160 (ȭ�, ȭ��븲����Ʈ)"
"102","�����౹","ȭ���68�� 103, 106ȣ(���̵�, �켺����Ʈ��)"
"103","�����౹","���ΰ�����76�� 75 (ȭ�)"
"104","�����౹","��õ�� 500 (���̵�)"
"105","�ݺ�౹","��õ��69�� , 1�� 101ȣ(��â��)"
"106","������౹","������ 43-17 (ȭ�)"
"107","ȭ�������౹","������ 205 (ȭ�)"
"108","ȭ����౹","ȭ��� 176-4 (ȭ�)"
"109","�����౹","����� 68-11, 107ȣ(���߻굿, �߻�Ÿ��)"
"110","�޵�Į�ǰ��౹","��õ�� 104 (��ȭ��)"
"111","��ϼ��౹","������30�� 102 (ȭ�)"
"112","�ϴþ౹","�ݳ�ȭ�� 136 (��ȭ��)"
"113","����Ѿ౹","������18�� 14 (ȭ�)"
"114","�ູ�ѿ´����౹","����� 82, 102ȣ (���߻굿, �߻�ξ�Ÿ��)"
"115","�츮�ʾ౹","������ 318 (����굿)"
"116","�ǰ��ѿ´����౹","���ΰ�����82�� 41-8 (ȭ�)"
"117","�����ο´����౹","��õ�� 452 (���̵�)"
"118","ȭ���౹","������ 254, 302ȣ (ȭ�, �����Ѽ����)"
"119","Ǫ���´����౹","��ȭ���34�� 92, 1�� (��ȭ��)"
"120","�����౹","������ 143 (ȭ�)"
"121","ū���౹","������47���� 16 (���߻굿)"
"122","�Ƹ��帮�౹","������56�� 30 (���̵�)"
"123","���ν���౹","���̷�5�� 80 (ȭ�)"
"124","�Ź�ȭ�౹","��õ�� 128 (��ȭ��, �Ѹ���þ��)"
"125","���̽��౹","ȭ��� 197, 1-3ȣ (ȭ�)"
"126","SooPharm���౹","ȭ���61�� 26 (���̵�)"
"127","��ȭ�౹","��õ�� 31 (��ȭ��)"
"128","��ī�̾౹","�ϴñ� 38, ����2�� (��ȭ��)"
"129","���������౹","������ 299 (���߻굿)"
"130","�����౹","��ȭ���� 70 (��ȭ��)"
"131","��౹","���޷��� 260, 1��(ȭ�)"
"132","���౹","ȭ��� 347 (ȭ�, �׷��������ũ)"
"133","�ѿ츮�౹","��ġ��� 151 (ȭ�)"
"134","���þ౹","��õ�� 684 (��â��)"
"135","�����´����౹","���״�� 34 (���׵�)"
"136","��ξ౹","���״�� 437 (���̵�)"
"137","�����౹","��õ��57�� 10-20 (���絿, �̽�Ÿ����)"
"138","�Ѱ��޵�Į�౹","���ط� 23, 107ȣ (���絿, �Ѱ�Ÿ�����Ʈ��)"
"139","�����ʾ౹","ȭ���324 (ȭ�)"
"140","�����౹","��õ�� 600, 1�� (���̵�)"
"141","�������̿´����౹","��õ�� 401, A�� 109-2ȣ (���絿, �����Ѱ�����Ÿ��)"
"142","ȭâ�Ѿ౹","���״��41�� 65, 132ȣ (���̵�, �׷����)"
"143","���౹","���μ�ȯ��11���� 104 1�� (ȭ�)"
"144","���̷��౹","���״��41��66, �������ջ� 1�� 133ȣ"
"145","�����౹","��õ��59�� 46, 1�� 103ȣ(���絿)"
"146","�̼��౹","������16�� 32 (ȭ�)"
"147","�¸�׾౹","ȭ��� 153 (ȭ�)"
"148","����౹","������ 27, 103ȣ (ȭ�)"
"149","�������౹","��õ�� 655, 2�� (��â��)"
"150","����౹","������ 186 (ȭ�)"
"151","���Ͼ౹","������ 254, 203ȣ(ȭ�, �����e���Ѽ��������ũ��)"
"152","�����౹","������ 242 (ȭ�,������������Ʈ�� 321ȣ)"
"153","�¸����ȭ�౹","���״�� 383, 1�� 4ȣ (���̵�)"
"154","�̼Ҿ౹","��õ�� 73 (��ȭ��)"
"155","����޵�Į�౹","�����߾�5�� 81, 107ȣ, 108ȣ"
"156","�ǰ����´����౹","��ġ��� 73, 1�� (ȭ�)"
"157","�޵������ٿ�౹","�����߾�5�� 87(���), 107ȣ"
"158","�ڳ����౹","���̷� 31, 2�� (ȭ�)"
"159","�����౹","���ΰ����� 76�� 47 (ȭ�)"
"160","�Ѹ����౹","���̷� 147, �������� 1��(���̵�)"
"161","�޵�������౹","��õ�� 431 ����1��(���絿)"
"162","��Ҹ��౹","ȭ���63�� 133 (���̵�)"
"163","�޵��ʻ���౹","ȭ���138, 1�� (ȭ�)"
"164","�޻�´����౹","ȭ��� 142, 114ȣ (ȭ�, �ް��ڽ�����)"
"165","�Ѻ��౹","������62�� 98, 1�� 101ȣ (���̵�)"
"166","�߻� 93�౹","���״��261, 306ȣ (���, �߻���ũ������)"
"167","�޺��´����౹","���̷�59-1, 1�� (ȭ�)"
"168","�����౹","���̷� 71 ,1�� (���̵�)"
"169","365�׸��౹","������ 43, B104ȣ (ȭ�)"
"170","�Ͻž౹","������ 259, 103ȣ (���߻굿)"
"171","�����ϳ��౹","������ 385, 106ȣ (���, �켺������Ÿ��)"
"172","���౹","ȭ��� 331 (ȭ�)"
"173","����౹","������ 391, 108ȣ (���, �����������)"
"174","�Ŷ�౹","��ȭ���� 14, 1�� (���׵�)"
"175","���Ӿ౹","������ 13�� 3 (ȭ�)"
"176","�ڿ����Ǿ౹","ȭ��� 194-26, 1�� (ȭ�)"
"177","����Ҹ��౹","�����߾�5�� 6, 2�� 233ȣ (���, ����翪��Ÿ��Ǫ��������Ƽ)"
"178","�����౹","��õ�� 690, 1�� (��â��, ȣ������)"
"179","���̷��౹","ȭ��� 196, 1�� (ȭ�)"
"180","�����౹","������45�� 174, 3�� (���߻굿)"
"181","���������౹","����� 76, 102ȣ(���߻굿)"
"182","ȭ��μ��౹","���޷��� 223, 104ȣ(ȭ�)"
"183","��������౹","������ 463, 1��(���,����Ÿ��)"
"184","������౹","��ȭ��� 294, 114ȣ,115ȣ(���,���������Ÿ��)"
"185","����Ȩ�౹","ȭ��� 398 ,1��(���̵�)"
"186","���ǰ��౹","������ 206, 1��(ȭ�)"
"187","�̼Ҿ౹","������ 242, �󰡵� 4�� 17ȣ(ȭ�, ������������Ʈ )"
"188","����౹","������47���� 12(���߻굿)"
"189","�뼺�౹","������ 307, ���ｺŸ�������� 1�� (���߻굿)"
"190","�߻꿡�̽��౹","������ 360, �ַ��帲 109ȣ (���߻굿)"
"191","�����´����౹","������ 251, 103ȣ(���߻굿)"
"192","�ؿ´����౹","��õ�� 583, �츲��糪�κ���Ͻ����� A-118ȣ(��â��)"
"193","����޵�౹","���״�� 272, 1��(���߻굿)"
"194","�ٷξ౹","������ 341, 1�� 2ȣ, 3ȣ(���߻굿)"
"195","�����õ��౹","���״��36�� 9, 1��(���߻굿)"
"196","�������Ǿ౹","���״��67�� 29-26, 1��(��â��) "
"197","�����౹","������ 341, 1��5ȣ(���߻굿)"
"198","���������ھ౹","���1�� 115-1, 105~106ȣ(���, �����츮��1��)"
"199","�����ϴþ౹","�����߾�5�� 6, 227ȣ (���, ����翪��Ÿ��Ǫ��������Ƽ)"
"200","�ٿ¾౹","���״�� 269-15, 309-1ȣ(���, ��������Ʈ���ڸ���)"
"201","�޾౹","�����߾�6�� 66, 112ȣ(���, ������ũ��)"
"202","�����ھ౹","������ 267, 1��(���߻굿)"
"203","ưư�౹","�����߾�1�� 72, 305ȣ (���, ����븮10���� ���ǽ�)"
"204","������߾Ӿ౹","�����߾�4�� 74, 106~107ȣ(���, �����޵���ũ)"
"205","�������п´����౹","�����߾�4�� 74, 101~103ȣ(���, �����޵���ũ)"
"206","�������౹","���޷���49�� 29 (ȭ�)"
"207","�������౹","���״��41�� 52, 202ȣ(���̵�)"
"208","�־౹","��õ�� 564, 131ȣ (���̵�, �λ����꼾Ƽ��)"
"209","�ʷϹ��౹","���״�� 164, 104ȣ(���, ����Ÿ��)"
"210","��ȭ�����౹","�����߾�4�� 74, 104~105ȣ(���, �����޵���ũ)"
"211","�뷱���౹","���״�� 237, 107ȣ(���, ���̽�Ÿ������)"
"212","��Ǫ���౹","ȭ��� 190, 1��(ȭ�)"
"213","���´����౹","���״�� 168, 117~118ȣ(���, 747Ÿ��)"
"214","�ູ�����౹","������ 193, 101ȣ(ȭ�)"
"215","���365�´����౹","ȭ��� 166, 1�� (ȭ�)"
"216","�����౹","������ 154, 101ȣ(ȭ�, ��ž����)"
"217","��ȭ�츮�౹","��õ�� 94, 1��(��ȭ��)"
"218","�����౹","ȭ��� 161, 104~105ȣ(ȭ�, �뼺����)"
"219","�ϳ��ξ౹","��õ�� 677, 1��(��â��)"
"220","�����౹","��õ�� 476, 402ȣ(���̵�, �ݺκ���)"
"221","���౹","������ 194-9, 1��(ȭ�)"
"222","���Ͼ౹","�����߾ӷ� 161-8, A210ȣ(���, �λ��������ũ)"
"223","���Ÿ�౹","���״�� 206, 111ȣ(���, ���ν�����)"
"224","����ū�̴�౹","���״�� 248, 111~113ȣ, 206ȣ(���)"
"225","�̽̾౹","��õ�� 556, 103ȣ(���̵�)"
"226","�����ʾ౹","�����߾ӷ� 161-17, 110ȣ(���, ��Ÿ����ũŸ����)"
"227","���׽�����´����౹","��ȭ���� 37, 102ȣ(��ȭ��, �޵�Ÿ��)"
"228","�켺�౹","����� 80, 102ȣ (���߻굿, ����Ʈ������)"
"229","�����´����౹","��õ�� 556, �����޵�Į���� 105ȣ(���̵�)"
"230","��Ʈ�౹","��õ�� 660, ���� L02ȣ(��â��, �е�����ķ�۽�)"
"231","�Ķ��౹","ȭ��� 339, 1��(ȭ�, ��������)"
"232","���о౹","ȭ��� 152, 1��(ȭ�)"
"233","�޺��̽���Ÿ�ξ౹","���ΰ�����76�� 51, 1��(ȭ�)"
"234","��ݾ౹","���̷�5�� 2, 104~105ȣ(ȭ�)"
"235","�̷��౹","��õ��14�� 23(��ȭ��)"
"236","���Ÿ�౹","���״�� 168, 106-1ȣ(���, 747Ÿ��)"
"237","�����޵�౹","��ȭ���� 92, 103ȣ(��ȭ��)"
"238","2����ſ�౹","��õ��559, 2��(�����̸�Ʈ)"
"239","�̼����౹","�����߾ӷ� 59-21, 120ȣ(���)"
"240","���������Ѿ౹","ȭ��� 301, 103ȣ(ȭ�)"
"241","���紩���౹","���ط� 198, 104~105ȣ(���絿)"
"242","�����౹","���ط� 12, 103ȣ(���絿)"
"243","����ö�����౹","���״�� ���� 267, �߻꿪 515-106ȣ(���)"
"244","�����´����౹","���̷� 177, 101�� 102ȣ(���̵�)"
"245","�߻꿪����ö�౹","���״�� 267 515-107ȣ(���)"
"246","�����౹","����� 157, ��������ũŸ�� 208-2ȣ(���)"
"247","��������Ʈ�־౹","������ 242, 151ȣ(ȭ�, ������������Ʈ)"
"248","�޵���21����౹","ȭ��� 162, 1��(ȭ�)"
"249","�������౹","���״�� 271, ��õ�������� 1�� 103ȣ(���)"
"250","������ ���Ǽ�","����� ������ �ھ�� 117(�ھ絿)"
"251","�����౹","����Ư���� ������ ��������4�� 10, ���������ʽ�Ÿ�� 303ȣ�Ϻ� (���ǵ�)"
"252","�����Ѿ౹","����Ư���� ������ ���� 128, 1�� 101ȣ (�߰)"
"253","��ũ�´����౹","����Ư���� ������ õȣ��� 666, �׷�����ũ���ǽ��� ��1�� B101ȣ (���ǵ�)"
"254","���౹","����Ư���� ������ ������� 229, �Ѹ�Ÿ�� 1�� 103ȣ (ȭ�絿)"
"255","�ż��´����౹","����Ư���� ������ ���� 127, 1�� (�߰, �ż��׷���Ÿ��)"
"256","�����츮�౹","����Ư���� ������ �ھ�� 109, 104ȣ (�ھ絿)"
"257","�����౹","����Ư���� ������ �Ҽ��� 503, 1�� (�ھ絿)"
"258","ȭ���ȭ���౹","����Ư���� ������ ������� 351, 1�� (���ڵ�)"
"259","�������౹","����Ư���� ������ õȣ��� 570, 1�� 101ȣ (�ɵ�)"
"260","����౹","����Ư���� ������ �ɵ��� 110, ��Ÿ��Ƽ �������� ��2�� B201ȣ (ȭ�絿)"
"261","�����౹","����Ư���� ������ �ɵ��� 209, �������б� ��� AI���� 1�� (���ڵ�)"
"262","���츮�౹","����Ư���� ������ ������� 237, �������� 5�� (ȭ�絿)"
"263","��Ÿ�´����౹","����Ư���� ������ ���Ϸ� 178, ����ķ�۽���Ƽ 1�� 104ȣ (ȭ�絿)"
"264","�������Ͼ౹","����Ư���� ������ ������ 47, 1�� (�߰)"
"265","�����౹","����Ư���� ������ �Ҽ���27�� 65 (�ھ絿)"
"266","ġ���Ǻ������౹","����Ư���� ������ ���Ϸ� 74, 1�� 102ȣ (�ھ絿)"
"267","�Ǵ�´����౹","����Ư���� ������ �ɵ��� 110, ��Ÿ��Ƽ���� ����2�� B203-1,204ȣ (ȭ�絿)"
"268","�����౹","����Ư���� ������ �������56�� 34, ���ǵ�����2���� ���ջ� 1�� 112ȣ (���ǵ�)"
"269","�����౹","����Ư���� ������ �ھ�� 48, 1�� (�ھ絿)"
"270","�����Ѹ����౹","����Ư���� ������ õȣ��� 557, ǳ������ 1�� (�߰)"
"271","�̼ҿ´����౹","����Ư���� ������ ������� 373, ���̺��� 1�� (���ǵ�)"
"272","��Ƽ�����౹","����Ư���� ������ �ھ�� 87, 1�� (�ھ絿)"
"273","����´����౹","����Ư���� ������ �������56�� 85, ��ũ��-��Ʈ21 ����1�� D-12ȣ (���ǵ�)"
"274","���ڿ��츮�౹","����Ư���� ������ õȣ��� 556, 1�� (�ɵ�)"
"275","���Ӿ౹","����Ư���� ������ ������� 375, ũ����Ÿ��3�� 1�� 107ȣ (���ǵ�)"
"276","���౹","����Ư���� ������ �ھ��13�� 4-1 (�ھ絿)"
"277","�������´����౹","����Ư���� ������ �븶��� 5, ��Ŭ���� 1�� 101ȣ (�߰)"
"278","û���౹","����Ư���� ������ ������� 502, ���ؽ� �������� 106,107ȣ (���嵿)"
"279","�´������������ھ౹","����Ư���� ������ �������56�� 63, ���������Ӿ���Ʈ ������ 107,108,109ȣ (���ǵ�)"
"280","�ھ�౹","����Ư���� ������ �ھ�� 88, �������� 1�� (�ھ絿)"
"281","ưư�´����౹","����Ư���� ������ ������� 450-2, 1�� (���ǵ�)"
"282","��ȭ�౹","����Ư���� ������ ���Ϸ� 278, �������� 1�� (���ڵ�)"
"283","����Ʈ�´����౹","����Ư���� ������ ���Ϸ� 92-1, 1�� (�ھ絿)"
"284","�����౹","����Ư���� ������ õȣ���122�� 16, 1�� (�ɵ�)"
"285","�����౹","����Ư���� ������ �Ҽ��� 631-1, 1�� (�ھ絿)"
"286","��ݾ౹","����Ư���� ������ ���� 190, 1�� (�߰)"
"287","�ҵ��౹","����Ư���� ������ �Ҽ��� 595, 1�� (�ھ絿)"
"288","��������౹","����Ư���� ������ �븶���23�� 28, ������ 1�� (�߰)"
"289","�ϴþ౹","����Ư���� ������ ������� 604, ���ؽ� ������ 2�� 202ȣ (���ǵ�)"
"290","����´����౹","����Ư���� ������ õȣ��� 653, 1�� (�߰)"
"291","�Ҷ�౹","����Ư���� ������ ���� 117, 1�� 102ȣ (�߰, �ٷ�ä)"
"292","�ٿ¾౹","����Ư���� ������ ������ 41 (�߰, ��ȭ��)"
"293","�޴Ծ౹","����Ư���� ������ õȣ���111�� 19 (�߰)"
"294","�Ѽ־౹","����Ư���� ������ ������� 621, 1�� (���嵿)"
"295","������౹","����Ư���� ������ �ɵ��� 378, 1�� (�߰)"
"296","�����ڻ���౹","����Ư���� ������ �ɵ��� 315 (�߰, �볲����)"
"297","���������̾౹","����Ư���� ������ �ھ�� 287 (���ǵ�)"
"298","�����´����౹","����Ư���� ������ �ھ��15�� 18, 1�� (�ھ絿, ��������)"
"299","�޵��ʹ�ǰ��౹","����Ư���� ������ �븶��� 4, 1�� (�߰)"
"300","��Ƽ�������౹","����Ư���� ������ �ھ��13�� 47, 1�� (�ھ絿, ������)"
"301","���Ϳ´����౹","����Ư���� ������ �ɵ��� 420 (�߰, ��������)"
"302","ġ���Ǻ����౹","����Ư���� ������ ������� 484, 1�� (���ǵ�)"
"303","�ټؾ౹","����Ư���� ������ õȣ��� 671 (���ǵ�, ��ũŸ��)"
"304","������౹","����Ư���� ������ ���� 130 (�߰)"
"305","���Ѿ౹","����Ư���� ������ �ھ�� 43 (�ھ絿)"
"306","�����౹","����Ư���� ������ �ɵ��� 18 (�ھ絿, ��ưŸ������3��)"
"307","õ��౹","����Ư���� ������ �ɵ��� 409 (�߰)"
"308","���౹","����Ư���� ������ ������� 508 (���ǵ�)"
"309","���౹","����Ư���� ������ �Ҽ��� 596, 1�� (�ھ絿)"
"310","�ھ��ϳ��౹","����Ư���� ������ �ھ��9�� 77 (�ھ絿)"
"311","�ص��´����౹","����Ư���� ������ �븶��� 57 (�߰)"
"312","���������о౹","����Ư���� ������ ���ǰ����� 106, 105ȣ (���ǵ�)"
"313","�Ź鱸�౹","����Ư���� ������ ���ڷ� 86-1 (���ڵ�)"
"314","�����౹","����Ư���� ������ ���� 173 (�߰)"
"315","���౹","����Ư���� ������ ������� 241 (ȭ�絿, ���Ѻ��� 4�� 403ȣ)"
"316","�޻�´����౹","����Ư���� ������ �ɵ���13�� 39 (ȭ�絿)"
"317","�߰����ξ౹","����Ư���� ������ �븶��� 46 (�߰)"
"318","�������´����౹","����Ư���� ������ �ɵ��� 265 (���ڵ�)"
"319","�߾Ӿ౹","����Ư���� ������ �븶��� 53 (�߰)"
"320","�߰���౹","����Ư���� ������ �ɵ���51�� 44 (�߰)"
"321","���ο´����౹","����Ư���� ������ �ھ�� 115 (�ھ絿)"
"322","�������౹","����Ư���� ������ ���Ϸ� 86 (�ھ絿)"
"323","����౹","����Ư���� ������ ������� 478, 4�� (���ǵ�, �׷��̽�����)"
"324","���ڼ���ξ౹","����Ư���� ������ õȣ��� 548 (���ڵ�)"
"325","�´����޵�Į�౹","����Ư���� ������ ������� 220 (�ھ絿)"
"326","���ǿ´����౹","����Ư���� ������ �ھ�� 285 (���ǵ�)"
"327","����౹","����Ư���� ������ õȣ��� 575 (�߰)"
"328","�ູ�Ѿ౹","����Ư���� ������ �ھ��15�� 27, 1�� (�ھ絿)"
"329","���౹","����Ư���� ������ �ھ��26�� 8 (���ǵ�)"
"330","���Ѻ��౹","����Ư���� ������ �Ҽ��� 558 (�ھ絿, ������)"
"331","�������о౹","����Ư���� ������ �ɵ��� 110 (ȭ�絿)"
"332","�޵��Ŀ��౹","����Ư���� ������ �Ҽ��� 552 (�ھ絿, �������)"
"333","��Ŭ���ľ౹","����Ư���� ������ �ɵ��� 90, 1�� 104-2ȣ (�ھ絿, ��Ŭ����500)"
"334","�Žº��౹","����Ư���� ������ �Ҽ���24�� 11, 1�� (�ھ絿)"
"335","�Ǵ�����ö�౹","����Ư���� ������ �ɵ��� ���� 110 (ȭ�絿, 7ȣ�� �Ǵ��Ա���)"
"336","����´����౹","����Ư���� ������ ���ǰ����� 99 (���ǵ�, ��õ����)"
"337","��������´����౹","����Ư���� ������ �Ҽ��� 499 (�ھ絿)"
"338","����ξ౹","����Ư���� ������ ������� 219 (ȭ�絿, �￵����)"
"339","���౹","����Ư���� ������ �ھ�� 95 (�ھ絿, ��������)"
"340","���������ھ౹","����Ư���� ������ ���� 113-1, 1�� (�߰)"
"341","������౹","����Ư���� ������ �븶��� 23 (�߰)"
"342","�̼Ҿ౹","����Ư���� ������ ���� 126 (�߰)"
"343","�����౹","����Ư���� ������ ���Ϸ�18�� 73 (�ھ絿)"
"344","�޵�Į�౹","����Ư���� ������ ������� 355 (���ڵ�)"
"345","���ڹ�ȭ���౹","����Ư���� ������ õȣ��� 574 (�ɵ�)"
"346","�츮�౹","����Ư���� ������ �ɵ��� 18, 105ȣ (�ھ絿, ��ưŸ������3��)"
"347","�����Ͼ౹","����Ư���� ������ ������� 546, 104ȣ (���嵿, �Ｚ����Ʈ��)"
"348","����Ÿ��Ƽ�౹","����Ư���� ������ ������� 272 (�ھ絿, ��Ÿ��Ƽ���θ�)"
"349","�������ξ౹","����Ư���� ������ õȣ��� 561 (�߰)"
"350","������౹","����Ư���� ������ �ھ�� 288 (���ǵ�)"
"351","�޺��౹","����Ư���� ������ �ɵ��� 110 (ȭ�絿)"
"352","��ȭ�౹","����Ư���� ������ ������ 31 (�߰)"
"353","�ʿ��´����౹","����Ư���� ������ ��������4�� 10, ���������ʽ�Ÿ�� 307ȣ (���ǵ�)"
"354","�����׷���౹","����Ư���� ������ �������56�� 63, 123ȣ,135ȣ,136ȣ (���ǵ�, �����������ڻ�)"
"355","���౹","����Ư���� ������ �븶��� 8 (�߰)"
"356","����౹","����Ư���� ������ �ھ��11�� 6-8 (�ھ絿)"
"357","���þ౹","����Ư���� ������ ������� 244, 1�� ��-1ȣ �Ϻ� (�ھ絿)"
"358","�������౹","����Ư���� ������ �Ҽ��� 498-1 (�ھ絿)"
"359","�츮�´����౹","����Ư���� ������ ������� 614 (���ǵ�, ���ú���)"
"360","�¸�׾౹","����Ư���� ������ �ھ�� 113, 4�� 401-1ȣ (�ھ絿, ���� ���� ���̿�)"
"361","Ǫ���´����౹","����Ư���� ������ õȣ��� 527 (�߰, �Ż����)"
"362","�Ҹ��´����౹","����Ư���� ������ �ɵ��� 318 (�߰)"
"363","�´�������౹","����Ư���� ������ �븶��� 58 (�߰)"
"364","21����౹","����Ư���� ������ �븶��� 49 (�߰)"
"365","�̷��౹","����Ư���� ������ ���ڷ� 85 (���ڵ�)"
"366","������ȭ���౹","����Ư���� ������ �ھ�� 43, 1�� 3ȣ (�ھ絿)"
"367","�ϼ۾౹","����Ư���� ������ ������� 606 (���ǵ�)"
"368","��౹","����Ư���� ������ ������� 532, 101ȣ (���嵿, ���ؽ�����)"
"369","�߰�޵�Į�౹","����Ư���� ������ �븶��� 45 (�߰)"
"370","�����౹","����Ư���� ������ ������� 542 (���ǵ�)"
"371","�����´����౹","����Ư���� ������ �������69�� 8, 103, 104ȣ (���嵿)"
"372","���Ͼ౹","����Ư���� ������ ���Ƿ� 23 (���ǵ�)"
"373","�ż���౹","����Ư���� ������ �Ҽ��� 511 (�ھ絿)"
"374","�����౹","����Ư���� ������ õȣ��� 635 (�߰)"
"375","�Ǵ뿪�౹","����Ư���� ������ ������� 218 (�ھ絿)"
"376","���޵�Į�౹","����Ư���� ������ �Ҽ��� 496 (�ھ絿)"
"377","�����౹","����Ư���� ������ �ɵ���3�� 5, 111ȣ (�ھ絿, �Ѱ��������Ʈ���ջ�)"
"378","�ݼ��౹","����Ư���� ������ �ھ�� 112, 111ȣ,112ȣ,113ȣ (���ǵ�)"
"379","�ѻ���౹","����Ư���� ������ �ھ�� 294-1 (���ǵ�)"
"380","�ݿ;౹","����Ư���� ������ �Ҽ��� 585 (�ھ絿)"
"381","�ż���౹","����Ư���� ������ �Ҽ���24�� 3 (�ھ絿)"
"382","�׷���౹","����Ư���� ������ �������29�� 55 (ȭ�絿)"
"383","���־౹","����Ư���� ������ �ھ��15�� 9 (�ھ絿)"
"384","ȭ�����ξ౹","����Ư���� ������ ���ڷ� 73 (���ڵ�)"
"385","�츮��౹","����Ư���� ������ ��ȭ��� 30 (�߰)"
"386","�ھ翭���౹","����Ư���� ������ �ھ��13�� 73 (�ھ絿)"
"387","�����౹","����Ư���� ������ ��ȭ��� 64-1 (���ǵ�)"
"388","�Ƴ��ľ౹","����Ư���� ������ ���� 168 (�߰)"
"389","�´����ǰ��౹","����Ư���� ������ �Ҽ���56�� 46 (�ھ絿, ��������)"
"390","�Ŵ뿵�౹","����Ư���� ������ ���ǰ����� 22 (���ǵ�)"
"391","�����౹","����Ư���� ������ �������57�� 42 (���ǵ�)"
"392","��´����౹","����Ư���� ������ ���� 174 (�߰)"
"393","���౹","����Ư���� ������ ������� 538 (���ǵ�)"
"394","�ߺΰ�Ӿ౹","����Ư���� ������ �������� 50 (���ǵ�, �������͹̳κ���)"
"395","���վ౹","����Ư���� ������ ������ 106, 1�� (�߰)"
"396","����౹","����Ư���� ������ �Ҽ��� 480, 1�� (�ھ絿)"
"397","���߾౹","����Ư���� ������ ���� 169 (�߰)"
"398","��Ÿ��Ƽ�౹","����Ư���� ������ ������� 290 (�ھ絿)"
"399","�Ϲ̾౹","����Ư���� ������ �ھ�� 194 (���ǵ�)"
"400","�����´����౹","����Ư���� ������ ���� 113 (�߰)"
"401","�����´����౹","����Ư���� ������ �Ҽ��� 655 (�ھ絿)"
"402","�ſ��ž౹","����Ư���� ������ �ھ�� 42 (�ھ絿)"
"403","�ݼ���౹","����Ư���� ������ ������ 115 (�߰)"
"404","�´����ص��౹","����Ư���� ������ ������� 552 (���嵿)"
"405","�����౹","����Ư���� ������ ������� 529 (���ǵ�)"
"406","�����౹","����Ư���� ������ ���ڷ� 93 (���ڵ�)"
"407","ȣ���౹","����Ư���� ������ ���Ϸ�30�� 28 (ȭ�絿)"
"408","�������౹","����Ư���� ������ ������� 366 (ȭ�絿)"
"409","������౹","����Ư���� ������ �������� 50, �����������͹̳� 124ȣ (���ǵ�)"
"410","�����౹","����Ư���� ������ �������29�� 12 (ȭ�絿)"
"411","�����౹","����Ư���� ������ �ھ������ 11 (�ھ絿)"
"412","���ؾ౹","����Ư���� ������ �ɵ��� 298 (�ɵ�)"
"413","�����౹","����Ư���� ������ ���� 203 (�߰)"
"414","���౹","����Ư���� ������ ������� 626 (���嵿)"
"415","������Ƽ���౹","����Ư���� ������ ������9�� 29 (�߰)"
"416","����౹","����Ư���� ������ ���ڷ� 144 (���ڵ�)"
"417","��ȣ�౹","����Ư���� ������ ���ڷ� 25 (ȭ�絿)"
"418","�븶�౹","����Ư���� ������ �ھ�� 201 (���ǵ�)"
"419","���౹","����Ư���� ������ ���Ϸ�60�� 14 (���ڵ�)"
"420","���Ⱦ౹","����Ư���� ������ �ھ�� 311-1 (���ǵ�)"
"421","�߰�1���ֹμ���","����Ư���� ������ ������12�� 49"
"422","�߰�2���ֹμ���","����Ư���� ������ �ɵ��� 346"
"423","�߰�3���ֹμ���","����Ư���� ������ ���Ϸ�76���� 28"
"424","�߰�4���ֹμ���","����Ư���� ������ ������ 131"
"425","���嵿�ֹμ���","����Ư���� ������ ����� 52"
"426","���ڵ��ֹμ���","����Ư���� ������ ���ڷ� 151"
"427","�ɵ��ֹμ���","����Ư���� ������ õȣ���112�� 55"
"428","ȭ�絿�ֹμ���","����Ư���� ������ �ɵ���17�� 39"
"429","����1���ֹμ���","����Ư���� ������ �������36�� 56"
"430","����2���ֹμ���","����Ư���� ������ õȣ��� 788"
"431","����3���ֹμ���","����Ư���� ������ �������� 17"
"432","�ھ�1���ֹμ���","����Ư���� ������ �ھ��13�� 37"
"433","�ھ�2���ֹμ���","����Ư���� ������ �ھ��3���� 26"
"434","�ھ�3���ֹμ���","����Ư���� ������ �Ҽ��� 568"
"435","�ھ�4���ֹμ���","����Ư���� ������ �Ҽ���26�� 58"
"436","�߰������","����Ư���� ������ ������ 110"
"437","�ھ纸������","����Ư���� ������ �������24�� 17"
"438","�����������պ�����","����Ư���� ������ ���ڷ� 88"
"439","�����ü���������","����Ư���� ������ �ɵ��� 76"
"440","��������ü������","����Ư���� ������ ��õ��� 2"
"441","�߰ȭü������","����Ư���� ������ �ɵ��� 433"
"442","������ȭ��","����Ư���� ������ �������56�� 67"
"443","�ھ�ü����","����Ư���� ������ �Ҽ���52�� 66"
"444","������౹","����Ư���� ���۱� ���۴��29�� 36, 1�� (��絿)"
"445","�Ҹ��޵��þ౹","����Ư���� ���۱� ���޷� 157 (�漮��)"
"446","�۾౹","����Ư���� ���۱� �󵵷� 246, 1�� (�󵵵�)"
"447","������(CA)�����౹","����Ư���� ���۱� �漮�� 108, 1~2�� (�漮��)"
"448","2�����౹","����Ư���� ���۱� ����� 75, ���ұ�100����� (�漮��)"
"449","�ε鷹�౹","����Ư���� ���۱� ����ŷ� 110, ���������� 1�� (��浿)"
"450","�ٸ��౹","����Ư���� ���۱� �漮�� 101, 1�� (�漮��)"
"451","�޻�´����౹","����Ư���� ���۱� �󵵷� 345, 1�� (�󵵵�)"
"452","���´����౹","����Ư���� ���۱� ���۴�� 65, 1�� (��絿)"
"453","���Ӿ౹","����Ư���� ���۱� ����� 84, 2�� 208ȣ (�뷮����, �����ֻ��վ���Ʈ)"
"454","�����౹","����Ư���� ���۱� ����23�ٱ� 9, ���ۻＺ���̾Ⱦ���Ʈ �� 202ȣ (��絿, ���ۻＺ���̾Ⱦ���Ʈ)"
"455","�����ǰ��౹","����Ư���� ���۱� ���� 115, 101ȣ (��浿, �����þƺ���)"
"456","�������౹","����Ư���� ���۱� ��¹��� 107, 1�� 2ȣ (�뷮����)"
"457","�ٸ��౹","����Ư���� ���۱� �󵵷� 153, 1�� (�󵵵�)"
"458","���ľ౹","����Ư���� ���۱� �󵵷� 348, �򰭺��� 1�� (�󵵵�)"
"459","���౹","����Ư���� ���۱� ���۴��29�� 69, �ݰ��꺸���Ұ�����쳪 303ȣ (��絿)"
"460","����ż���౹","����Ư���� ���۱� ����ŷ�5�� 15, �����Ǽ�ȸ������ ����1�� C-5ȣ (�Ŵ�浿)"
"461","���»���౹","����Ư���� ���۱� ����ŷ�3�� 29, 3�� 306ȣ (�Ŵ�浿, ���º����Ÿ��)"
"462","�ܾ౹","����Ư���� ���۱� ���� 186, 1�� (�󵵵�)"
"463","������౹","����Ư���� ���۱� �Ŵ��1���� 38, 105�� 3�� 309ȣ (�Ŵ�浿, ���ۻ󶼺�����Ʈ)"
"464","���۾౹","����Ư���� ���۱� ���޷� 166, 2�� (�漮��)"
"465","�߹��౹","����Ư���� ���۱� �漮�� 106-9, 2�� (�漮��)"
"466","ȭ���౹","����Ư���� ���۱� �뷮����6�� 26, 1�� (�뷮����)"
"467","���౹","����Ư���� ���۱� �󵵷� 99, 1�� (�󵵵�)"
"468","�޵��ʿ���౹","����Ư���� ���۱� �뷮���� 152, . 1�� (�뷮����)"
"469","�󵵿´����౹","����Ư���� ���۱� �󵵷� 297 (��1��)"
"470","�����౹","����Ư���� ���۱� ���޷� 144 (�漮��)"
"471","�Ķ��౹","����Ư���� ���۱� ���μ�ȯ�� 2057, 3�� (��絿)"
"472","�����վ౹","����Ư���� ���۱� ���۴��29�� 69, 201ȣ (��絿)"
"473","����౹","����Ư���� ���۱� �󵵷� 247, 1�� (�󵵵�)"
"474","����౹","����Ư���� ���۱� �󵵷� 247, 1�� (�󵵵�)"
"475","����౹","����Ư���� ���۱� ���� 674, �뷮�����깰���Ž��� 2�� (�뷮����)"
"476","���־౹","����Ư���� ���۱� ���۴�� 127, 1�� (��絿)"
"477","�ܰ�౹","����Ư���� ���۱� ����ŷ� 61-1 (�Ŵ�浿)"
"478","�����´����౹","����Ư���� ���۱� ���Ǵ���22���� 1, 1�� (�Ŵ�浿)"
"479","ģ���Ѿ౹","����Ư���� ���۱� ���� 224, 1�� (��絿)"
"480","���౹","����Ư���� ���۱� �󵵷� 407-5, ��ȣ����Ʈ �� 109ȣ (�󵵵�)"
"481","�Ҹ��౹","����Ư���� ���۱� �Ŵ��1���� 38, 105�� 305, 306ȣ (�Ŵ�浿, ���ۻ󶼺�����Ʈ)"
"482","�����´����౹","����Ư���� ���۱� ���� 215, 107ȣ (��絿, ��������)"
"483","���̾౹","����Ư���� ���۱� ���۴�� 25, 4�� (��絿)"
"484","�����౹","����Ư���� ���۱� ���޷�8�� 4 (�漮��)"
"485","�ູ�ѿ����̼��౹","����Ư���� ���۱� ���� 308 (��絿, ȭ�κ���)"
"486","�̼��౹","����Ư���� ���۱� ���۴��29�� 24, 101ȣ (��絿, ��������)"
"487","���Ӿ౹","����Ư���� ���۱� ���Ǵ��� 142 (��浿)"
"488","�츮�౹","����Ư���� ���۱� �뷮���� 155 (�뷮����)"
"489","�޵�Ȩ�౹","����Ư���� ���۱� �󵵷� 174 (�󵵵�, �������Ϻ���)"
"490","���о౹","����Ư���� ���۱� �漮�� 106 (�漮��)"
"491","���Ͼ౹","����Ư���� ���۱� ��¹��� 34, 1�� 101ȣ (�󵵵�)"
"492","�޲ٴ¾౹","����Ư���� ���۱� ��¹��� 168, B001ȣ (�뷮����)"
"493","�̼�����౹","����Ư���� ���۱� ���� 300, 222ȣ (��絿, �̼�����)"
"494","�̼�����౹","����Ư���� ���۱� ���� 300, 222ȣ (��絿, �̼�����)"
"495","�����౹","����Ư���� ���۱� ��¹���20�� 2 (�뷮����)"
"496","�����౹","����Ư���� ���۱� ���� 227, 1�� (��絿, ����౹)"
"497","���ٿ�౹","����Ư���� ���۱� ����� 19, �󰡵� 3�� 311,312ȣ (�뷮����, �ŵ��Ƹ�����ũ����Ʈ)"
"498","�켺��౹","����Ư���� ���۱� ���Ǵ��� 22, 104ȣ (�Ŵ�浿)"
"499","�ݰ��౹","����Ư���� ���۱� �ź��� 178, B02ȣ (����, ��������)"
"500","�޵��ü��౹","����Ư���� ���۱� ���޷� 150, 207ȣ, 208ȣ (�漮��, �ذ����)"
"501","����ſ´����౹","����Ư���� ���۱� ����ŷ� 93 (�Ŵ�浿)"
"502","�������ھ౹","����Ư���� ���۱� ���μ�ȯ�� 2055 (��絿)"
"503","�ǰ��౹","����Ư���� ���۱� ����� 5 (�󵵵�)"
"504","����������౹","����Ư���� ���۱� ����ŷ�5�� 23, ����122ȣ (�Ŵ�浿, �Ｚ����ſȴ�Ÿ��)"
"505","����౹","����Ư���� ���۱� ���۴��29�� 17 (��絿)"
"506","�����౹","����Ư���� ���۱� ���� 189 (�󵵵�)"
"507","���߾Ӿ౹","����Ư���� ���۱� �漮�� 103 (�漮��)"
"508","�������౹","����Ư���� ���۱� ���� 264 (��1��)"
"509","�츮�´����౹","����Ư���� ���۱� �漮�Ѱ��� 27, B106ȣ (�漮��, �漮�Ѱ�Ǫ������)"
"510","�ٴ��Ǻ��౹","����Ư���� ���۱� �󵵷� 172 (�󵵵�)"
"511","�ż���౹","����Ư���� ���۱� ���޷� 163 (�漮��)"
"512","�����౹","����Ư���� ���۱� ����ŷ�5�� 23, ����1�� B117ȣ (�Ŵ�浿, �Ｚ����ſȴ�Ÿ��)"
"513","ū����౹","����Ư���� ���۱� �󵵷� 346, ���Ϻ��� 2�� (�󵵵�)"
"514","���౹","����Ư���� ���۱� �󵵷� 104 (�󵵵�)"
"515","�����Ͼ౹","����Ư���� ���۱� ��¹��� 110-1 (�뷮����)"
"516","�漮���౹","����Ư���� ���۱� �����10�� 88-6, 110ȣ (�漮��, �漮�Ѱ���Ʈ������)"
"517","�־౹","����Ư���� ���۱� ���۴��17�� 3 (��絿)"
"518","�ູ�帲�౹","����Ư���� ���۱� �뷮���� 90 (�뷮����)"
"519","�Ѷ�౹","����Ư���� ���۱� ���� 301, ��絿���� 3�� (��絿)"
"520","���Ͽ´����౹","����Ư���� ���۱� ����2���� 102, 119ȣ (��絿, ������̾���Ʈ ��)"
"521","�������౹","����Ư���� ���۱� ��¹��� 110 (�뷮����)"
"522","���౹","����Ư���� ���۱� ���� 127, 103�� 203ȣ (��浿, �������Ʈ��)"
"523","���Ҿ౹","����Ư���� ���۱� �����2�� 12 (�󵵵�)"
"524","�븲�´����౹","����Ư���� ���۱� ������ 662 (�Ŵ�浿)"
"525","�ذ���౹","����Ư���� ���۱� ���޷� 150, 202ȣ (�漮��, �ذ����)"
"526","��ȭ�౹","����Ư���� ���۱� ����� 84, 102,103ȣ (�뷮����, �����ֻ��ջ�)"
"527","�Ŵ��౹","����Ư���� ���۱� �󵵷� 77 (��浿)"
"528","���ߴ�ǰ��౹","����Ư���� ���۱� ���۴�� 89, 107,108,S-12,S-13ȣ (��絿, ���ó׸�Ÿ��)"
"529","���Ͼ౹","����Ư���� ���۱� ����� 76 (�󵵵�)"
"530","�ݼ��౹","����Ư���� ���۱� ����16�� 68, ����1�� (��絿)"
"531","õ��´����౹","����Ư���� ���۱� ���޷� 146 (�漮��)"
"532","���̿´����౹","����Ư���� ���۱� ���۴�� 121, ����1�� (��絿, �������)"
"533","�߾Ӹ��౹","����Ư���� ���۱� �漮�� 106-7 (�漮��)"
"534","�ż���౹","����Ư���� ���۱� ���� 297 (��絿)"
"535","�Ķ����౹","����Ư���� ���۱� �󵵷� 81, ����1�� (��浿)"
"536","��Ƽ���󵵾౹","����Ư���� ���۱� �󵵷�53�� 6, 1�� (�󵵵�, ��������)"
"537","���Ͼ౹","����Ư���� ���۱� ���Ǵ���36�� 5 (��浿)"
"538","����ξ౹","����Ư���� ���۱� �󵵷� 206 (�󵵵�)"
"539","���������ϴ¾౹","����Ư���� ���۱� �����29�� 68 (�󵵵�)"
"540","����౹","����Ư���� ���۱� �󵵷� 65 (��浿)"
"541","���ƽý��౹","����Ư���� ���۱� ���� 287, B301ȣ (�󵵵�, �������ī��Ƽ)"
"542","�����̼Ҿ౹","����Ư���� ���۱� ���� 215, 108ȣ (��絿)"
"543","�߾������ھ౹","����Ư���� ���۱� �󵵷� 178 (�󵵵�)"
"544","���౹","����Ư���� ���۱� ���۴�� 89, 504ȣ (��絿, ���ó׸�Ÿ��)"
"545","�ϳ��౹","����Ư���� ���۱� ���Ǵ���24�� 30 (�Ŵ�浿)"
"546","�츮��´����౹","����Ư���� ���۱� ���� 196, 1�� (��絿, �Ź������̾���)"
"547","����ȭ�౹","����Ư���� ���۱� ���۴�� 7, 1�� (��絿)"
"548","��õ��౹","����Ư���� ���۱� �󵵷� 69 (��浿)"
"549","�ǰ����ູ�̿������߾Ӹ޵�Į�౹","����Ư���� ���۱� �漮�� 106-5, 1�� (�漮��)"
"550","���౹","����Ư���� ���۱� ������ 638 (�Ŵ�浿)"
"551","����౹","����Ư���� ���۱� ��¹���10�� 47 (�󵵵�)"
"552","�Ѻ���ȭ�౹","����Ư���� ���۱� ������ 664 (�Ŵ�浿)"
"553","���߾Ӿ౹","����Ư���� ���۱� �뷮���� 110, 113ȣ (�뷮����)"
"554","��������ھ౹","����Ư���� ���۱� ���� 230-1, 1�� (��絿, �̷�����)"
"555","�����౹","����Ư���� ���۱� ���۴�� 43 (��絿)"
"556","�޵�Į�츮�౹","����Ư���� ���۱� ����ŷ� 106 (�Ŵ�浿)"
"557","��౹","����Ư���� ���۱� �뷮���� 162, . 1�� (�뷮����)"
"558","���������ϳ��౹","����Ư���� ���۱� ���� 236 (��絿)"
"559","�ǰ��´����౹","����Ư���� ���۱� �󵵷� 202 (�󵵵�)"
"560","�ǰ��´����౹","����Ư���� ���۱� �󵵷� 202 (�󵵵�)"
"561","������౹","����Ư���� ���۱� ���޷� 150, 108ȣ (�漮��, �̷����ذ���)"
"562","�������ھ౹","����Ư���� ���۱� �󵵷� 356, 1�� (�󵵵�, ��������)"
"563","�޵�Į�����౹","����Ư���� ���۱� ����ŷ� 113, 105ȣ (��浿, �ڽ������)"
"564","�����´����౹","����Ư���� ���۱� ���Ǵ���36�� 1 (��浿)"
"565","�ضߴ¾౹","����Ư���� ���۱� ���� 281 (�󵵵�, �󵵺���)"
"566","�ູ�̿����°ǰ��౹","����Ư���� ���۱� �󵵷� 301 (��1��)"
"567","�Ŵ������౹","����Ư���� ���۱� �Ŵ��2�� 1 (�Ŵ�浿)"
"568","��ī���̾౹","����Ư���� ���۱� ����ŷ�5���� 16, 515ȣ (�Ŵ�浿, ��ī����Ÿ��)"
"569","Ǫ���౹","����Ư���� ���۱� �󵵷� 93 (�󵵵�)"
"570","�󵵽���౹","����Ư���� ���۱� �󵵷�22�� 46 (�󵵵�)"
"571","����Ŵ��о౹","����Ư���� ���۱� ����ŷ�5�� 23, 101ȣ (�Ŵ�浿, �Ｚ����ſȴ�Ÿ��)"
"572","����Ŵ��о౹","����Ư���� ���۱� ����ŷ�5�� 23, 101ȣ (�Ŵ�浿, �Ｚ����ſȴ�Ÿ��)"
"573","����Ŵ��о౹","����Ư���� ���۱� ����ŷ�5�� 23, 101ȣ (�Ŵ�浿, �Ｚ����ſȴ�Ÿ��)"
"574","����౹","����Ư���� ���۱� ���� 303 (��絿)"
"575","�����౹","����Ư���� ���۱� ����23�� 185 (��絿)"
"576","����౹","����Ư���� ���۱� ����� 11 (�󵵵�)"
"577","���౹","����Ư���� ���۱� ���޷� 158 (�漮��, ������104ȣ)"
"578","�����౹","����Ư���� ���۱� ���� 244, 1ȣ (��絿, ������ ����)"
"579","����౹","����Ư���� ���۱� �󵵷� 102 (�󵵵�)"
"580","�ݿ��౹","����Ư���� ���۱� ��¹��� 76, 1�� (�󵵵�, ������)"
"581","��ȭ�౹","����Ư���� ���۱� ����38�� 2 (��1��)"
"582","���º���ž౹","����Ư���� ���۱� ����ŷ�3�� 29 (�Ŵ�浿,���º����Ÿ���󰡵� 1�� 28ȣ)"
"583","�뱤�౹","����Ư���� ���۱� �󵵷�45�� 6 (��1��)"
"584","��Ƽ�������౹","����Ư���� ���۱� ���۴��29�� 69, 120,121ȣ (��絿)"
"585","�ټؾ౹","����Ư���� ���۱� �󵵷� 82 (��浿)"
"586","�����౹","����Ư���� ���۱� �뷮����8�� 3, �漺���� (�뷮����)"
"587","�����౹","����Ư���� ���۱� ������ 668-2 (�Ŵ�浿)"
"588","���౹","����Ư���� ���۱� �󵵷�15�� 143 (�󵵵�)"
"589","��������౹","����Ư���� ���۱� ��¹��� 7 (�󵵵�)"
"590","�����౹","����Ư���� ���۱� ���Ǵ��� 250, 2�� 201ȣ (��浿, �븲��)"
"591","�뿵�౹","����Ư���� ���۱� ����� 26, 215ȣ (�󵵵�, �ǿ�����Ʈ)"
"592","���ʾ౹","����Ư���� ���۱� ���Ǵ��� 250, 104ȣ (��浿, �븲����)"
"593","�뷮�����ξ౹","����Ư���� ���۱� �뷮���� 234 (����)"
"594","������ž౹","����Ư���� ���۱� ����ŷ�5�� 5, 101ȣ (�Ŵ�浿, ����ſ켺��)"
"595","���־౹","����Ư���� ���۱� ����� 86 (�뷮����)"
"596","�����ξ౹","����Ư���� ���۱� ����� 5 (�󵵵�, �����ξ౹)"
"597","����Ÿ�ξ౹","����Ư���� ���۱� ����� 52 (�󵵵�)"
"598","�û���౹","����Ư���� ���۱� �󵵷� 91 (�󵵵�)"
"599","���Ǿ౹","����Ư���� ���۱� ��¹���10�� 43 (�󵵵�)"
"600","���Ͼ౹","����Ư���� ���۱� ����� 24 (�󵵵�)"
"601","���޷о౹","����Ư���� ���۱� ���Ǵ���44�� 47 (��浿, �ְ��� 101ȣ)"
"602","�밭�౹","����Ư���� ���۱� �뷮����26�� 13 (����)"
"603","�����౹","����Ư���� ���۱� ����14�� 65 (�뷮����)"
"604","�´��������౹","����Ư���� ���۱� ���۴��7�� 84 (��絿)"
"605","��ȭ�౹","����Ư���� ���۱� ���μ�ȯ�� 2059, 1�� (��絿)"
"606","�´������д�౹","����Ư���� ���۱� ��¹��� 119 (�뷮����)"
"607","�����౹","����Ư���� ���۱� ���޷� 151 (�漮��)"
"608","ȿ���౹","����Ư���� ���۱� �󵵷� 181 (�󵵵�, ȿ���౹)"
"609","�߾Ӿ౹","����Ư���� ���۱� ���� 195 (�󵵵�)"
"610","�����౹","����Ư���� ���۱� �뷮����6�� 62 (�뷮����)"
"611","��ɾ౹","����Ư���� ���۱� ����� 32 (�󵵵�, ��ɾ౹)"
"612","�Ƹ��౹","����Ư���� ���۱� ���޷� 110-1 (�漮��)"
"613","��ƿ´����౹","����Ư���� ���۱� ����26�� 22 (�󵵵�)"
"614","�����౹","����Ư���� ���۱� ���۴�� 129 (��絿)"
"615","��������౹","����Ư���� ���۱� ���۴��25�� 39 (��絿)"
"616","ȭõ�౹","����Ư���� ���۱� ���۴��25�� 6 (��絿)"
"617","��ȭ�౹","����Ư���� ���۱� ���Ǵ���24���� 2 (��浿)"
"618","�ż��౹","����Ư���� ���۱� �󵵷� 331 (�󵵵�)"
"619","�����౹","����Ư���� ���۱� ���� 194 (��絿)"
"620","�������౹","����Ư���� ���۱� ������� 90 (�󵵵�)"
"621","���౹","����Ư���� ���۱� �󵵷�50�� 2-13 (��1��)"
"622","����౹","����Ư���� ���۱� ���� 6 (�󵵵�, ũ����ö���)"
"623","�λ�౹","����Ư���� ���۱� ����� 68 (�󵵵�)"
"624","���ξ౹","����Ư���� ���۱� ���Ǵ��� 126 (�Ŵ�浿)"
"625","���Ǵ�౹","����Ư���� ���۱� ���Ǵ���10�� 38 (�Ŵ�浿)"
"626","����౹","����Ư���� ���۱� ������� 97 (�󵵵�)"
"627","���Ͼ౹","����Ư���� ���۱� ���۴��27�� 22 (��絿)"
"628","���̾౹","����Ư���� ���۱� ����16�� 22 (��絿)"
"629","���౹","����Ư���� ���۱� ���޷� 136-1 (�漮��)"
"630","����౹","����Ư���� ���۱� ������ 644 (�Ŵ�浿)"
"631","�����౹","����Ư���� ���۱� ���Ǵ��� 22 (�Ŵ�浿, �켺A��)"
"632","�볲�౹","����Ư���� ���۱� �󵵷�22�� 26 (�󵵵�)"
"633","�žȾ౹","����Ư���� ���۱� ��¹��� 139-1 (�뷮����)"
"634","�ƴ�౹","����Ư���� ���۱� ����� 114-1 (�漮��)"
"635","����õ�纴��","����Ư���� ���빮�� ����ø���� 57, õ�纴�� B1,1,2,3,6�� (����)"
"636","�����ﺴ��","����Ư���� ���빮�� �ջ�� 18 (�ż���)"
"637","����������","����Ư���� ���빮�� ��ʸ��� 266, �Ŀ������� (��ȵ�)"
"638","����������","����Ư���� ���빮�� õȣ���83�� 44 (��ȵ�)"
"639","���佺����","����Ư���� ���빮�� ��õ�� 49 (��ʸ���)"
"640","���ﳪ������","����Ư���� ���빮�� �ջ�� 137 (���⵿)"
"641","�������","����Ư���� ���빮�� ����ڷ� 421 (��ε�)"
"642","��������","����Ư���� ���빮�� õȣ��� 421 (��ȵ�)"
"643","��ưư����","����Ư���� ���빮�� ��ʸ��� 261 (��ȵ�)"
"644","�ڸ��ƺ���","����Ư���� ���빮�� ���ѷ� 143 (��ȵ�)"
"645","���빮�����Ǽ�","����Ư���� ���빮�� õȣ��� 145 (��ε�)"
"646","���빮�����Ǽ�","����Ư���� ���빮�� ����� 242(����)"
"647","���빮�����Ǽ� ���º�������","����Ư���� ���빮�� ������ 100-55(�ϰ��µ�)"
"648","3���޵�Į�౹","����Ư���� ���ı� ������ 1222, �ø��������� 23-1,23ȣ (���̵�)"
"649","3���ϳ��౹","����Ư���� ���ı� �ø��ȷ�35�� 112 (��õ��, ���B�� 315ȣ)"
"650","�������ȭ�౹","����Ư���� ���ı� ������� 74, ��ǿø��Ⱦ�����ũ�� 1�� 108ȣ, ���� B103ȣ (ǳ����)"
"651","�������̺�౹","����Ư���� ���ı� ��η� 66, 1�� F-1001ȣ (������, �������̺������ 1��, F-1001ȣ)"
"652","�����´����౹","����Ư���� ���ı� ������ 207 (������)"
"653","����ū����ƻ�౹","����Ư���� ���ı� ������� 67 (ǳ����)"
"654","�������Ѵ뿵�౹","����Ư���� ���ı� ������� 74, 108�� 101,102,����102ȣ (ǳ����)"
"655","���ʴ�౹","����Ư���� ���ı� ������з�41�� 11 (���ĵ�)"
"656","�������౹","����Ư���� ���ı� �ø��ȷ� 212 (��ǵ�, ���������Ӹ���)"
"657","�ſ�����౹","����Ư���� ���ı� ���ݷ� 505 (�ſ���, 101ȣ)"
"658","�ǰ����౹","����Ư���� ���ı� ������з� 275, 1�� (���̵�)"
"659","���ξ౹","����Ư���� ���ı� ������42�� 9, ���ξ౹ (���̵�)"
"660","��ٿ�౹","����Ư���� ���ı� ��õ��41�� 21 (��õ��)"
"661","���ξ౹","����Ư���� ���ı� ����õ�� 261, �������� (��õ��)"
"662","�µ��̾౹","����Ư���� ���ı� ���Ĵ�� 570, 2�� (��õ��)"
"663","�¸�׾౹","����Ư���� ���ı� ���ݷ� 420, �Ѷ������ߺ��� 1�� (������)"
"664","�׷���౹","����Ư���� ���ı� ��õ�� 35, �¿����� 1�� (���̵�)"
"665","�ص��౹","����Ư���� ���ı� ������18�� 9 (������, �ص�����Ʈ�� 104ȣ)"
"666","���ž౹","����Ư���� ���ı� ���ݷ�64�� 4 (�ſ���)"
"667","���Ͽ´����౹","����Ư���� ���ı� �ø��ȷ� 435, 309ȣ (��õ��, ��ũ����)"
"668","����౹","����Ư���� ���ı� ������з�50�� 26, 1�� (���̵�)"
"669","�����ž౹","����Ư���� ���ı� ���Ĵ�� 383 (���̵�, 1�� 3ȣ)"
"670","����Ƽ�౹","����Ư���� ���ı� ����ȣ���� 160, 102ȣ (������)"
"671","�ٳ��౹","����Ư���� ���ı� ���ݷ�31�� 3, �켺���� (���̵�)"
"672","�ٻ���౹","����Ư���� ���ı� �伺�� 20, 1�� (ǳ����)"
"673","���ξ౹","����Ư���� ���ı� �ø��ȷ� 76, JŸ�� 1�� 104-1ȣ (��ǵ�)"
"674","�����౹","����Ư���� ���ı� ������з� 349, �����ȭ�� 1�� (���̵�)"
"675","�뵿�౹","����Ư���� ���ı� ������ 175, 1�� (���ĵ�)"
"676","���Ѿ౹","����Ư���� ���ı� ������11�� 11, �����������Ļ������1-1 A�� 101ȣ (������)"
"677","�����౹","����Ư���� ���ı� ���ݷ� 507, �ſ����� 1�� (�ſ���)"
"678","�����౹","����Ư���� ���ı� ��õ��5�� 4 (���ݵ�, 4��)"
"679","���ƾ౹","����Ư���� ���ı� �ø��ȷ� 114, 2�� (��ǵ�, �������)"
"680","���ǻＺ�౹","����Ư���� ���ı� �Ÿ���22�� 49 (��õ��)"
"681","�θ��౹","����Ư���� ���ı� ���̷� 239, �������� 1�� 4ȣ (������)"
"682","�帲�౹","����Ư���� ���ı� �ø��ȷ�35�� 10, ��ũ������B�� 202-1ȣ (��õ��, ��ũ����)"
"683","���Ӿ౹","����Ư���� ���ı� ��õ�� 25, 1�� (���̵�)"
"684","����´����౹","����Ư���� ���ı� ���Ĵ�� 381, �������� 1�� (���̵�)"
"685","����ũ��ȭ�౹","����Ư���� ���ı� ����ȣ���� 135, ����ũ�Ӹ��� A�� 122ȣ (��ǵ�)"
"686","�����౹","����Ư���� ���ı� ���Ĵ�� 345, 1A�� 2009ȣ (������, �︮����Ƽ)"
"687","��õ����౹","����Ư���� ���ı� �Ÿ��� 58 (��õ��)"
"688","��õǪ���־౹","����Ư���� ���ı� �Ÿ��� 60, 1�� (��õ��)"
"689","��õ�ູ�Ѿ౹","����Ư���� ���ı� ��õ��51�� 2, �������� (��õ��)"
"690","�������౹","����Ư���� ���ı� ������ 236, 2�� (������)"
"691","�����´����౹","����Ư���� ���ı� ������ 125, ����ȸ�� 107ȣ (������)"
"692","�޵��ʴ��M�౹","����Ư���� ���ı� ���̷� 87, 1�� (������)"
"693","�޵��ʿ��־౹","����Ư���� ���ı� �ø��ȷ�35�� 10, B�� 212-1ȣ (��õ��, ��ũ����)"
"694","�޵���Ǫ���౹","����Ư���� ���ı� ������ 189, �����ֿ����Ʈ 101ȣ (������)"
"695","�޵����ϳ��౹","����Ư���� ���ı� ���Ĵ�� 365 (���̵�)"
"696","���౹","����Ư���� ���ı� ��õ��41�� 20, 1�� (��õ��)"
"697","����౹","����Ư���� ���ı� ������з�41�� 31 (���ĵ�)"
"698","����౹","����Ư���� ���ı� ������з� 258, ���������� (������)"
"699","�����౹","����Ư���� ���ı� ������4�� 25, ��õ���� (������)"
"700","�̷��౹","����Ư���� ���ı� ���ݷ� 516, �������� 1�� (�ſ���)"
"701","�̸��౹","����Ư���� ���ı� �伺�� 65, 2�� 202-2ȣ (ǳ����, �¾�� 202-2ȣ)"
"702","�̼����ľ౹","����Ư���� ���ı� ���Ĵ�� 374 (���ĵ�)"
"703","�̼Ҿ౹","����Ư���� ���ı� ���ݷ�31�� 11 (���̵�)"
"704","�ξ౹","����Ư���� ���ı� ���Ĵ�� 345, 1A�� 3041ȣ (������, �︮����Ƽ)"
"705","�����౹","����Ư���� ���ı� �ߴ�� 24 (������, �ѹи��� 136ȣ)"
"706","�ڼ����´����౹","����Ư���� ���ı� ��õ��7�� 6, ���ݴ븲����Ʈ 117,118ȣ (���ݵ�)"
"707","�����߾Ӿ౹","����Ư���� ���ı� ������� 73 (ǳ����)"
"708","���̸޵�Į�౹","����Ư���� ���ı� ������ 277 (���̵�)"
"709","�������ξ౹","����Ư���� ���ı� ��õ�� 29 (���̵�)"
"710","�����ڳ����౹","����Ư���� ���ı� ��õ�� 53, 2�� (���ݵ�)"
"711","���������ھ౹","����Ư���� ���ı� ������ 244, �������� (���̵�)"
"712","�����౹","����Ư���� ���ı� ����õ�� 212, �������� (��õ��)"
"713","�����౹","����Ư���� ���ı� ����õ��34�� 24-1 (��õ��)"
"714","�����౹","����Ư���� ���ı� ������ 317, 103ȣ (���ݵ�)"
"715","����� �౹","����Ư���� ���ı� ������28�� 3 (���ĵ�)"
"716","����౹","����Ư���� ���ı� �ø��ȷ�37�� 130, ��ũ���� A�� 317ȣ (��õ��)"
"717","���ǿ��౹","����Ư���� ���ı� ������8�� 6, 1�� (������, ��������)"
"718","�����Ͼ౹","����Ư���� ���ı� ���Ĵ�� 372 (���ĵ�)"
"719","������౹","����Ư���� ���ı� ǳ����25���� 11 (ǳ����)"
"720","���Ҿ౹","����Ư���� ���ı� ����ȣ���� 130, �ſ����� 206ȣ (������)"
"721","�����౹","����Ư���� ���ı� ǳ���� 55 (ǳ����)"
"722","���־౹","����Ư���� ���ı� ��õ�� 41, ������� 2�� (���̵�)"
"723","�����౹","����Ư���� ���ı� ������ 75 (��ǵ�)"
"724","�����Ͼ౹","����Ư���� ���ı� ���ݷ� 306, 101ȣ (������, ������ŸŬ����)"
"725","������౹","����Ư���� ���ı� ���Ĵ�� 422 (���ĵ�)"
"726","�����´����౹","����Ư���� ���ı� ��õ�� 137 (���ݵ�)"
"727","����౹","����Ư���� ���ı� ���̷�31�� 4, 1�� (������)"
"728","���̿´����౹","����Ư���� ���ı� ���Ĵ�� 438, 103ȣ (���ĵ�)"
"729","���ɾ౹","����Ư���� ���ı� ��õ�� 190 (���ݵ�, û������ 104ȣ)"
"730","�����౹","����Ư���� ���ı� ������ 136 (������)"
"731","����ξ౹","����Ư���� ���ı� �Ÿ��� 66 (��õ��)"
"732","�ҳ����౹","����Ư���� ���ı� �ߴ�� 80 (������, �Ե���Ʈ ��1��)"
"733","�ҹ�౹","����Ư���� ���ı� ���� 12, ���Űſ��ѹ̸�Ÿ�� 1�� 107ȣ (�ſ���)"
"734","���ı׷���౹","����Ư���� ���ı� ������4�� 14, ������� 1�� (������)"
"735","���Ĺ̼Ҿ౹","����Ư���� ���ı� �ø��ȷ�35�� 10, B�� 308-1ȣ (��õ��, ��ũ����)"
"736","���Ļ��Ҿ౹","����Ư���� ���ı� ���Ĵ��28�� 27 (������, �����󶼺� 102�� 202ȣ)"
"737","���Ŀ´����౹","����Ư���� ���ı� ���ݷ�32�� 28 (���ĵ�)"
"738","���Ŀ츮�౹","����Ư���� ���ı� �伺�� 65 (ǳ����, �¾�� 108ȣ)"
"739","�������Ͼ౹","����Ư���� ���ı� ������ 217, ������� 1�� (������)"
"740","�����߾Ӿ౹","����Ư���� ���ı� ���ݷ� 91, 1�� (���̵�)"
"741","���������ھ౹","����Ư���� ���ı� ������ 112, ������� (���̵�)"
"742","�����ϳ��౹","����Ư���� ���ı� ��õ��41�� 1, 1�� (��õ��)"
"743","���౹","����Ư���� ���ı� ������ 113 (���̵�, �ݵ����� 104ȣ)"
"744","�������ھ౹","����Ư���� ���ı� �Ÿ��� 61, 1�� (��õ��, �����߾��ǿ�)"
"745","���౹","����Ư���� ���ı� ����ȣ���� 68 (��ǵ�, A�� 1��, ����)"
"746","����Ʈ�౹","����Ư���� ���ı� ���ݷ� 508, ��Ÿ���� 1�� (�ſ���)"
"747","��Ÿ�౹","����Ư���� ���ı� ���Ĵ�� 562 (��õ��, �Ѻ������� 3��)"
"748","��Ƽ�౹","����Ư���� ���ı� �ø��ȷ� 116, 1�� (��ǵ�)"
"749","�žƻ�౹","����Ư���� ���ı� �������7�� 4, 1�� (ǳ����)"
"750","�̽��︮���౹","����Ư���� ���ı� ���Ĵ�� 345, 1A�� 2036ȣ (������, �︮����Ƽ)"
"751","�ֿ�౹","����Ư���� ���ı� �ø��ȷ�4�� 48 (��ǵ�)"
"752","�ƻ�౹","����Ư���� ���ı� �伺�� 26, �������� 104,105ȣ (ǳ����)"
"753","�ƻ�ū��౹","����Ư���� ���ı� �ø��ȷ� 493, ǳ���� N���� 1�� (ǳ����)"
"754","������ũ�౹","����Ư���� ���ı� ���ʱ���� 230, B�� 207ȣ (������, ����2��������ũ)"
"755","����3�� �´����౹","����Ư���� ���ı� �ø��ȷ� 119, 3B5ȣ (��ǵ�, ������ξ��û�)"
"756","�����౹","����Ư���� ���ı� ������ 166, 1�� (���ĵ�)"
"757","�����౹","����Ư���� ���ı� ������з� 202 (������)"
"758","�����౹","����Ư���� ���ı� �Ѱ����� 448 (ǳ����, �Ѱ����� 102ȣ)"
"759","������౹","����Ư���� ���ı� ������з� 446, �۾Ϻ��� 2�� 201ȣ (���̵�)"
"760","�����߾Ӿ౹","����Ư���� ���ı� ���ʼ����20�� 33, �ﱤ���� (���ݵ�)"
"761","�������౹","����Ư���� ���ı� ���Ĵ�� 380, ������ (���ĵ�)"
"762","�������´����౹","����Ư���� ���ı� ���ݷ�11�� 37, 101ȣ (���̵�)"
"763","���౹","����Ư���� ���ı� ������з� 386, 1�� (���ĵ�)"
"764","���������౹","����Ư���� ���ı� ������ 189, 503ȣ (������)"
"765","�´����ǰ��౹","����Ư���� ���ı� ������з�12�� 17 (��ǵ�)"
"766","�´�������౹","����Ư���� ���ı� ��õ�� 345, 1�� (��õ��)"
"767","�´������౹","����Ư���� ���ı� ������ 26 (���̵�)"
"768","�´��������౹","����Ư���� ���ı� ����10�� 4 (�ſ���)"
"769","�´��������վ౹","����Ư���� ���ı� ���Ĵ�� 415, 1�� (���̵�)"
"770","�´�������౹","����Ư���� ���ı� ������ 141, ������� (������)"
"771","�ø���౹","����Ư���� ���ı� �������7�� 3, 1�� (ǳ����)"
"772","��Ƽ��100���౹","����Ư���� ���ı� ��õ��41�� 9 (��õ��)"
"773","�վ౹","����Ư���� ���ı� ������з� 261 (������)"
"774","�츮��౹","����Ư���� ���ı� ������з� 466, �������� 1�� (���̵�)"
"775","�츮�౹","����Ư���� ���ı� ���ݷ� 404, ���Ϻ��� (������)"
"776","�츲�౹","����Ư���� ���ı� ���ݷ� 477 (�ſ���)"
"777","�����߾Ӿ౹","����Ư���� ���ı� �ø��ȷ�35�� 112, ��̾���Ʈ ��� 101,102ȣ (��õ��)"
"778","����Ÿ���౹","����Ư���� ���ı� �ø��ȷ� 300, ����1�� (��õ��, �Ե���Ʈ����Ÿ����)"
"779","�����ʰǰ������ھ౹","����Ư���� ���ı� ������з� 216, û�ۺ��� (������)"
"780","���౹","����Ư���� ���ı� ������ 1222, 3�� 219-2ȣ (���̵�, �ø��������ڻ�)"
"781","�����ʰ��������ö�౹","����Ư���� ���ı� �ø��ȷ�37�� 130, ��ũ���� 124,125,126ȣ (��õ��)"
"782","��������ǳ��翪�౹","����Ư���� ���ı� ���Ĵ�� 624 (��õ��, ��ǳ��翪���� ��215-08ȣ)"
"783","�����౹","����Ư���� ���ı� �ø��ȷ� 509 (ǳ����, J���� 1��2ȣ)"
"784","��ȭ�౹","����Ư���� ���ı� ������ 158, 1�� 102ȣ (���ĵ�)"
"785","�ϼ��౹","����Ư���� ���ı� ������11�� 8 (���̵�)"
"786","��������ھ౹","����Ư���� ���ı� ������з� 171 (��ǵ�)"
"787","��̹̼Ҿ౹","����Ư���� ���ı� �ø��ȷ�35�� 112, ��2�� 3�� 20ȣ (��õ��, ��̾���Ʈ ���)"
"788","�����౹","����Ư���� ���ı� ��õ�� 237, �ŵ��ƾ���Ʈ �󰡵� 104ȣ (��õ��)"
"789","���ٿ�౹","����Ư���� ���ı� ���ݷ� 487, 1�� (�ſ���)"
"790","���ξ౹","����Ư���� ���ı� ��õ�� 68, 1�� 3ȣ (���ݵ�)"
"791","�����౹","����Ư���� ���ı� ������з� 127, �ٻ��ظ���� (��ǵ�)"
"792","���´����౹","����Ư���� ���ı� ������з� 210 (������)"
"793","����౹","����Ư���� ���ı� ������ 1222, �ø��������� 1�� 67ȣ (���̵�)"
"794","�ֿ´����౹","����Ư���� ���ı� ������з� 490, �ź����(��) 1�� (���̵�)"
"795","�߾Ӵ�౹","����Ư���� ���ı� ���ݷ�38�� 5-25 (������, ����� 101ȣ)"
"796","�߾������ھ౹","����Ư���� ���ı� ��õ��57�� 4, 1�� (��õ��)"
"797","���Ǵ�౹","����Ư���� ���ı� ������ 134 (������)"
"798","����౹","����Ư���� ���ı� ������з�48�� 27, ������� (���̵�)"
"799","�����´����౹","����Ư���� ���ı� ����ȣ���� 58 (��ǵ�, ���ź��� 1��)"
"800","���޵�Į�౹","����Ư���� ���ı� ��õ��57�� 7, 1�� (��õ��)"
"801","���౹","����Ư���� ���ı� ������ 138, 1�� (������)"
"802","���Ҹ��౹","����Ư���� ���ı� ������ 1222, �ø��������� 3�� 15ȣ (���̵�)"
"803","õ��౹","����Ư���� ���ı� ���ݷ� 95, 1�� (���̵�)"
"804","õ��౹","����Ư���� ���ı� ������8�� 27, ���Ǻ��� 1�� (������)"
"805","õȣǪ���౹","����Ư���� ���ı� �ٶ��帮�� 62 (ǳ����)"
"806","�ʷϾ౹","����Ư���� ���ı� �ø��ȷ�37�� 130, ��ũ���� A�󰡵� 307ȣ (��õ��)"
"807","ū����౹","����Ư���� ���ı� ������ 211 (������)"
"808","Ű���÷����౹","����Ư���� ���ı� �ø��ȷ� 240 (��ǵ�, ������Ÿ�� A-104ȣ)"
"809","Ʈ��Ǯ�౹","����Ư���� ���ı� ���Ĵ�� 345, 1A�� 3011ȣ (������, �︮����Ƽ)"
"810","���÷����౹","����Ư���� ���ı� ���Ĵ��28�� 43, 1�� 101-2ȣ (������, ����KCC����Ÿ�� 101-2ȣ)"
"811","Ǫ���౹","����Ư���� ���ı� ������з� 279, 1�� (���̵�)"
"812","ǳ�����ľ౹","����Ư���� ���ı� �ٶ��帮�� 33 (ǳ����)"
"813","�����ھ౹","����Ư���� ���ı� ������ 1222 (���̵�)"
"814","�������౹","����Ư���� ���ı� �ø��ȷ�4�� 42, 109ȣ (��ǵ�, �������� 109ȣ)"
"815","�ϳ��ξ౹","����Ư���� ���ı� ��õ�� 264, ���Ϻ��� 1�� (�ſ���)"
"816","�ϳ��޵�Į�౹","����Ư���� ���ı� ���ݷ� 504, 1�� (�ſ���)"
"817","�ϳ��౹","����Ư���� ���ı� ���Ĵ�� 111, 205�� 305ȣ (������, ��ũ�Ϻ��)"
"818","�ϴþ౹","����Ư���� ���ı� ������з� 276, 202ȣ (���̵�)"
"819","�Ѽ־౹","����Ư���� ���ı� ������з�45�� 5 (���ĵ�)"
"820","�ؼ��౹","����Ư���� ���ı� ������ 111 (���̵�)"
"821","�ؿ����౹","����Ư���� ���ı� �ø��ȷ�35�� 124, 4�� 7ȣ (��õ��, ��̾���Ʈ ���̻�)"
"822","����Ȩ�౹","����Ư���� ���ı� ���ݷ� 512, 207ȣ (�ſ���, �ſ���2���ֿ����Ʈ 207ȣ)"
"823","�޻�౹","����Ư���� ���ı� ���ʼ����20�� 31, 1�� (���ݵ�)"
"824","�ູ�౹","����Ư���� ���ı� ���� 42 (�ſ���)"
"825","�ູ�ѿ츮�౹","����Ư���� ���ı� ǳ����25�� 41, ������� (ǳ����)"
"826","�︮���޵�Į�౹","����Ư���� ���ı� ���Ĵ�� 345, 1A�� 2023ȣ (������, �︮����Ƽ)"
"827","ȭ�ξ౹","����Ư���� ���ı� �ߴ�� 80 (������, �Ե���Ʈ 3��)"
"828","Ȳ���౹","����Ư���� ���ı� ������з� 381, �켺���� (���ĵ�)"
"829","�Ļ��౹","����Ư���� ���ı� ��õ��45�� 15 (��õ��)"
"830","�ѹ̸��౹","����Ư���� ���ı� �ߴ�� 68 (������, �ѹ̸������� 106ȣ)"
"831","��ȭ����","����Ư���� ��걸 û�ķ� 383 (���赿)"
"832","�ݰ��ƻ꺴��","����Ư���� ��걸 ���̷� 318 (���̵�)"
"833","��걸���Ǽ�","����Ư���� ��걸 ������� 150 (���¿���)"
"834","��걸���Ǻм�(�ڷγ�19�� �ӽ������)","����Ư���� ��걸 ����� 329 (��ȿ��1��)"
"835","��õ����б�����","����Ư���� ��걸 �ѳ��� ������ 59 (�ѳ���)"
"836","��õ�����Ǽ�","����Ư���� ��õ�� �񵿼��� 339(������)"
"837","�ſ���������","����Ư���� ��õ�� ���μ�ȯ�� 407(�ſ���)"
"838","�񵿺�������","����Ư���� ��õ�� ���߾Ӻ���7���� 11(��)"
"839","�޵�������","����Ư���� ��õ�� ���μ�ȯ�� 331(�ſ���)"
"840","����������","����Ư���� ��õ�� �Ÿ�� 120(��)"
"841","�����������","����Ư���� ��õ�� ���״�� 610(��)"
"842","���빮�౹","����Ư���� ���� ���Ϸ�87�� 19, 1��(������)"
"843","������౹","����Ư���� ���� ������ 258, (������)"
"844","�Ƹ��ٿ�ް����౹","����Ư���� ���� ���Ϸ� 855-8, (������)"
"845","��Ǫ���౹","����Ư���� ���� ���Ϸ� 871 (������)"
"846","�Ѱܷʾ౹","����Ư���� ���� ������ 219, (������)"
"847","���´����౹","����Ư���� ���� �������� 196, 106ȣ(���굿)"
"848","���������ھ౹","����Ư���� ���� �������� 157, (���굿)"
"849","�޵�Į�౹","����Ư���� ���� ��������2�� 17-5, (�����)"
"850","�����´����౹","����Ư���� ���� ����� 196, (�����)"
"851","���౹","����Ư���� ���� ���Ϸ� 749, (������)"
"852","���ٿ�౹","����Ư���� ���� ����� 137, 1�� (������)"
"853","����౹","����Ư���� ���� �������� 138, (������)"
"854","����ξ౹","����Ư���� ���� �ұ��� 54(�ұ���)"
"855","�����޵�Į�౹","����Ư���� ���� ������ 253-9, 1�� (�ұ���)"
"856","���ų��޵�Į�౹","����Ư���� ���� ������ 246, 104ȣ (�ұ���)"
"857","�Բ��ϴ¾౹","����Ư���� ���� ������ 264-1, (������)"
"858","DMC�� 4���ⱸ�౹","����Ư���� ���� ������ 175  1�� 3ȣ(������)"
"859","����౹","����Ư���� ���� ����� 56, (�Ż絿)"
"860","�Ż������ھ౹","����Ư���� ���� ������ 16, (�Ż絿)"
"861","�����౹","����Ư���� ���� ���·� 325, (�Ż絿)"
"862","�����౹","����Ư���� ���� ������ 40, (���̵�)"
"863","�޵��ʴ���౹","����Ư���� ���� �����1�� 2, (���̵�)"
"864","���´����౹","����Ư���� ���� ����� 97(���̵�)"
"865","�� �౹","����Ư���� ���� ����� 137, (���ϵ�)"
"866","�����౹","����Ư���� ���� ���Ϸ�181 (���ϵ�)"
"867","����౹","����Ư���� ���� ���Ϸ� 248, (���ϵ�)"
"868","�����౹","����Ư���� ���� ����� 144, (���ϵ�)"
"869","������ȭ���౹","����Ư���� ���� ���Ϸ� 201, (���ϵ�)"
"870","���Ǿ౹","����Ư���� ���� �����9�� 3, (���굿)"
"871","�����౹","����Ư���� ���� ���� 3�� 70���� 821�� �� 103ȣ (������)"
"872","���þ౹","����Ư���� ���� ����2�� 57-7, B106ȣ (������)"
"873","����������౹","����Ư���� �������� ����2�� 29-21, 113,114ȣ (������, �帲������)"
"874","���縯�����౹","����Ư���� �������Ϸ� 1031,1�� 102ȣ(������)"
"875","���̿�������","����� ������ ������ 110 ��2��~6�� (�ż���)"
"876","�����Ѱ�����","����� ������ ������� 25 ������ 2"
"877","������ ���Ǽ�","����� ������ �����ŷ� 212(���굿)"
"878","�����м�","����� ������ ������ 165(������)"
"879","�����ǰ���������","����� ������ �������11�� 44-81(������)"
"880","������","����� ������ �����翾�� 84(������)"
"881","������","����� ������ �������7�� 18(������)"
"882","��ȭ��","����� ������ ��ȭ�� 37(��ȭ��)"
"883","�밭��","����� ������ ������31�� 31(�밭��)"
"884","���ﵿ","����� ������ ���̷� 26�� 10(���굿)"
"885","������","����� ������ ������ 14(������)"
"886","�ż���","����� ������ ������ 192(�ż���)"
"887","������","����� ������ ������ 165(â����)"
"888","������","����� ������ ������15�� 7(������)"
"889","������","����� ������ �����ŷ�5�� 11(������)"
"890","����1��","����� ������ ������6�� 10(������)"
"891","����2��","����� ������ ��ﳻ��7�� 11(������)"
"892","������","����� ������ ���̻��29�� 17-9(������)"
"893","����1��","����� ������ �����4�� 15(���굿)"
"894","����2��","����� ������ �����źϷ�30�� 22(���굿)"
"895","��ϵ�","����� ������ �ź����2�� 16(��ϵ�)"
